{"count":1,"self":7.5302143999999993,"total":7.7427304999999995,"children":{"InitializeActuators":{"count":10,"self":0.0015007,"total":0.0015007,"children":null},"InitializeSensors":{"count":10,"self":0.0045011999999999995,"total":0.0045011999999999995,"children":null},"AgentSendState":{"count":383,"self":0.011647,"total":0.023519699999999998,"children":{"CollectObservations":{"count":1309,"self":0.0035047999999999998,"total":0.0035047999999999998,"children":null},"WriteActionMask":{"count":1309,"self":0.003862,"total":0.003862,"children":null},"RequestDecision":{"count":1309,"self":0.0045059,"total":0.0045059,"children":null}}},"DecideAction":{"count":383,"self":0.13348459999999998,"total":0.17749299999999998,"children":{"RayPerceptionSensor.Perceive":{"count":1309,"self":0.044008399999999996,"total":0.044008399999999996,"children":null}}},"AgentAct":{"count":383,"self":0.0045013,"total":0.0045013,"children":null}},"gauges":{"ppoPathfinder.CumulativeReward":{"count":4,"max":1002.98,"min":997.99,"runningAverage":1000.48749,"value":1001.99,"weightedAverage":1000.34747}},"metadata":{"timer_format_version":"0.1.0","start_time_seconds":"1610530348","unity_version":"2019.4.13f1","command_line_arguments":"D:\\UniDocs\\year_2\\ai\\finalProject\\pathfindingAiProjectv2.0\\2dVersionPathfinding\\build\\s5226058_pathfindProjectExecutable.exe","communication_protocol_version":"1.3.0","com.unity.ml-agents_version":"1.7.2-preview","scene_name":"SampleScene","end_time_seconds":"1610530356"}}